{
  "faithfulness": 1.0,
  "answer_relevancy": 0.8143890371486737,
  "context_precision": 0.749999999925,
  "context_recall": 1.0
}